{"stats":{"minecraft:killed_by":{"minecraft:creeper":1},"minecraft:dropped":{"minecraft:shield":2,"minecraft:cobblestone":12,"minecraft:apple":1,"minecraft:iron_axe":1},"minecraft:broken":{"minecraft:stone_pickaxe":1,"minecraft:wooden_pickaxe":1},"minecraft:used":{"minecraft:peony":1,"minecraft:stone_sword":22,"minecraft:stone_pickaxe":119,"minecraft:iron_pickaxe":83,"minecraft:shield":3,"minecraft:wooden_pickaxe":59,"minecraft:rotten_flesh":2,"minecraft:torch":24,"minecraft:dirt":2,"minecraft:cobblestone":3,"minecraft:crafting_table":1,"minecraft:furnace":2,"minecraft:andesite":1,"minecraft:cooked_beef":3},"minecraft:mined":{"minecraft:diamond_ore":2,"minecraft:furnace":1,"minecraft:iron_ore":57,"minecraft:andesite":26,"minecraft:torch":8,"minecraft:grass_block":1,"minecraft:coal_ore":31,"minecraft:dirt":4,"minecraft:cobweb":1,"minecraft:cobblestone":3,"minecraft:copper_ore":1,"minecraft:lapis_ore":4,"minecraft:stone":116,"minecraft:oak_planks":1,"minecraft:oak_leaves":1},"minecraft:custom":{"minecraft:time_since_rest":17147,"minecraft:interact_with_furnace":16,"minecraft:sprint_one_cm":97265,"minecraft:damage_taken":626,"minecraft:walk_one_cm":79529,"minecraft:damage_blocked_by_shield":195,"minecraft:mob_kills":5,"minecraft:drop":16,"minecraft:damage_dealt":1021,"minecraft:swim_one_cm":7863,"minecraft:interact_with_crafting_table":12,"minecraft:fly_one_cm":33063,"minecraft:open_chest":14,"minecraft:crouch_one_cm":2388,"minecraft:play_time":26599,"minecraft:deaths":1,"minecraft:walk_under_water_one_cm":1394,"minecraft:sneak_time":1381,"minecraft:jump":252,"minecraft:walk_on_water_one_cm":10563,"minecraft:time_since_death":17110,"minecraft:total_world_time":26599,"minecraft:fall_one_cm":4618},"minecraft:picked_up":{"minecraft:raw_iron":57,"minecraft:cooked_beef":1,"minecraft:andesite":50,"minecraft:torch":8,"minecraft:bone":1,"minecraft:lapis_lazuli":25,"minecraft:string":1,"minecraft:dirt":3,"minecraft:raw_copper":3,"minecraft:diamond":2,"minecraft:stone_shovel":1,"minecraft:rotten_flesh":5,"minecraft:apple":1,"minecraft:peony":1,"minecraft:stone_pickaxe":2,"minecraft:oak_sapling":3,"minecraft:oak_planks":19,"minecraft:coal":31,"minecraft:cobblestone":178,"minecraft:furnace":1},"minecraft:crafted":{"minecraft:cooked_beef":7,"minecraft:oak_planks":28,"minecraft:charcoal":5,"minecraft:shield":3,"minecraft:iron_axe":1,"minecraft:crafting_table":1,"minecraft:stick":8,"minecraft:iron_ingot":10,"minecraft:wooden_pickaxe":1,"minecraft:iron_pickaxe":1,"minecraft:stone_sword":1,"minecraft:furnace":1,"minecraft:torch":16,"minecraft:air":0},"minecraft:killed":{"minecraft:skeleton":1,"minecraft:zombie":2,"minecraft:spider":1}},"DataVersion":3955}