{"stats":{"minecraft:killed_by":{"minecraft:creeper":1},"minecraft:dropped":{"minecraft:cobblestone":12,"minecraft:apple":1},"minecraft:broken":{"minecraft:wooden_pickaxe":1},"minecraft:used":{"minecraft:peony":1,"minecraft:stone_pickaxe":98,"minecraft:wooden_pickaxe":59,"minecraft:rotten_flesh":2,"minecraft:dirt":2,"minecraft:cobblestone":3,"minecraft:crafting_table":1,"minecraft:furnace":2,"minecraft:andesite":1,"minecraft:cooked_beef":1},"minecraft:mined":{"minecraft:furnace":1,"minecraft:iron_ore":10,"minecraft:andesite":25,"minecraft:grass_block":1,"minecraft:coal_ore":3,"minecraft:dirt":4,"minecraft:copper_ore":1,"minecraft:stone":99,"minecraft:oak_planks":1,"minecraft:oak_leaves":1},"minecraft:custom":{"minecraft:time_since_rest":5147,"minecraft:interact_with_furnace":10,"minecraft:sprint_one_cm":47839,"minecraft:damage_taken":331,"minecraft:walk_one_cm":37401,"minecraft:mob_kills":1,"minecraft:drop":13,"minecraft:damage_dealt":222,"minecraft:swim_one_cm":6068,"minecraft:interact_with_crafting_table":7,"minecraft:fly_one_cm":16005,"minecraft:open_chest":12,"minecraft:crouch_one_cm":439,"minecraft:play_time":14599,"minecraft:deaths":1,"minecraft:walk_under_water_one_cm":1272,"minecraft:sneak_time":245,"minecraft:jump":148,"minecraft:walk_on_water_one_cm":9615,"minecraft:time_since_death":5110,"minecraft:total_world_time":14599,"minecraft:fall_one_cm":2348},"minecraft:picked_up":{"minecraft:raw_iron":10,"minecraft:andesite":49,"minecraft:dirt":3,"minecraft:raw_copper":3,"minecraft:rotten_flesh":2,"minecraft:apple":1,"minecraft:peony":1,"minecraft:stone_pickaxe":2,"minecraft:oak_sapling":3,"minecraft:oak_planks":19,"minecraft:coal":3,"minecraft:cobblestone":158,"minecraft:furnace":1},"minecraft:crafted":{"minecraft:cooked_beef":7,"minecraft:charcoal":1,"minecraft:crafting_table":1,"minecraft:iron_ingot":2,"minecraft:wooden_pickaxe":1,"minecraft:stone_sword":1,"minecraft:furnace":1,"minecraft:air":0}},"DataVersion":3955}