{"stats":{"minecraft:dropped":{"minecraft:stone_pickaxe":1},"minecraft:used":{"minecraft:birch_door":3,"minecraft:birch_planks":75,"minecraft:stone_shovel":43,"minecraft:oak_planks":45,"minecraft:chest":2,"minecraft:oak_door":2,"minecraft:stone_axe":85,"minecraft:torch":4,"minecraft:furnace":1},"minecraft:mined":{"minecraft:birch_planks":11,"minecraft:birch_log":18,"minecraft:birch_leaves":4,"minecraft:birch_door":1,"minecraft:peony":1,"minecraft:short_grass":2,"minecraft:grass_block":43,"minecraft:oak_log":41,"minecraft:dirt":2,"minecraft:oak_leaves":11},"minecraft:custom":{"minecraft:time_since_rest":12702,"minecraft:interact_with_furnace":4,"minecraft:sprint_one_cm":7172,"minecraft:damage_taken":25,"minecraft:walk_one_cm":68945,"minecraft:drop":1,"minecraft:damage_dealt":18,"minecraft:swim_one_cm":251,"minecraft:interact_with_crafting_table":12,"minecraft:fly_one_cm":5844,"minecraft:open_chest":18,"minecraft:crouch_one_cm":285,"minecraft:play_time":12702,"minecraft:sneak_time":80,"minecraft:walk_under_water_one_cm":539,"minecraft:jump":94,"minecraft:leave_game":1,"minecraft:walk_on_water_one_cm":9266,"minecraft:time_since_death":12702,"minecraft:total_world_time":12702,"minecraft:fall_one_cm":478},"minecraft:picked_up":{"minecraft:birch_log":18,"minecraft:stick":3,"minecraft:birch_door":1,"minecraft:birch_planks":10,"minecraft:oak_log":41,"minecraft:dirt":47,"minecraft:apple":1,"minecraft:peony":1,"minecraft:oak_sapling":7,"minecraft:birch_sapling":5,"minecraft:oak_planks":12,"minecraft:cobblestone":9},"minecraft:crafted":{"minecraft:oak_door":3,"minecraft:oak_planks":96,"minecraft:stone_shovel":1,"minecraft:stick":16,"minecraft:stone_pickaxe":1,"minecraft:chest":2,"minecraft:furnace":1,"minecraft:birch_door":3,"minecraft:torch":4,"minecraft:birch_planks":72,"minecraft:stone_axe":1}},"DataVersion":3955}