{"stats":{"minecraft:dropped":{"minecraft:cooked_beef":1,"minecraft:stone_shovel":1,"minecraft:stone_pickaxe":1},"minecraft:broken":{"minecraft:stone_axe":1},"minecraft:used":{"minecraft:birch_door":3,"minecraft:stone_sword":21,"minecraft:iron_axe":135,"minecraft:birch_planks":75,"minecraft:stone_shovel":43,"minecraft:oak_planks":45,"minecraft:chest":2,"minecraft:shield":1,"minecraft:rotten_flesh":1,"minecraft:oak_door":2,"minecraft:stone_axe":124,"minecraft:torch":4,"minecraft:furnace":1,"minecraft:birch_log":1,"minecraft:cooked_beef":2},"minecraft:mined":{"minecraft:birch_planks":11,"minecraft:birch_log":95,"minecraft:birch_leaves":14,"minecraft:birch_door":1,"minecraft:pumpkin":6,"minecraft:peony":1,"minecraft:short_grass":8,"minecraft:grass_block":43,"minecraft:oak_log":86,"minecraft:dirt":2,"minecraft:sugar_cane":2,"minecraft:oak_leaves":39},"minecraft:custom":{"minecraft:time_since_rest":24702,"minecraft:interact_with_furnace":7,"minecraft:sprint_one_cm":35058,"minecraft:damage_taken":255,"minecraft:walk_one_cm":138249,"minecraft:damage_blocked_by_shield":30,"minecraft:mob_kills":10,"minecraft:drop":3,"minecraft:damage_dealt":1363,"minecraft:swim_one_cm":251,"minecraft:interact_with_crafting_table":13,"minecraft:fly_one_cm":47085,"minecraft:open_chest":27,"minecraft:crouch_one_cm":1576,"minecraft:play_time":24702,"minecraft:sneak_time":323,"minecraft:walk_under_water_one_cm":539,"minecraft:jump":320,"minecraft:leave_game":1,"minecraft:walk_on_water_one_cm":9498,"minecraft:time_since_death":24702,"minecraft:total_world_time":24702,"minecraft:fall_one_cm":4829},"minecraft:picked_up":{"minecraft:birch_log":95,"minecraft:stick":24,"minecraft:birch_door":1,"minecraft:pumpkin":5,"minecraft:birch_planks":10,"minecraft:porkchop":3,"minecraft:oak_log":86,"minecraft:ink_sac":1,"minecraft:shield":1,"minecraft:dirt":47,"minecraft:iron_axe":1,"minecraft:bone":2,"minecraft:arrow":1,"minecraft:rotten_flesh":4,"minecraft:apple":1,"minecraft:peony":1,"minecraft:oak_sapling":23,"minecraft:mutton":7,"minecraft:sugar_cane":6,"minecraft:birch_sapling":13,"minecraft:oak_planks":12,"minecraft:white_wool":4,"minecraft:cobblestone":9},"minecraft:crafted":{"minecraft:oak_door":3,"minecraft:oak_planks":96,"minecraft:stone_shovel":1,"minecraft:stick":16,"minecraft:stone_sword":1,"minecraft:stone_pickaxe":1,"minecraft:chest":2,"minecraft:furnace":1,"minecraft:birch_door":3,"minecraft:torch":4,"minecraft:birch_planks":72,"minecraft:stone_axe":1},"minecraft:killed":{"minecraft:sheep":4,"minecraft:skeleton":1,"minecraft:zombie":3,"minecraft:pig":1,"minecraft:spider":1}},"DataVersion":3955}