{"stats":{"minecraft:dropped":{"minecraft:oak_planks":24,"minecraft:apple":1},"minecraft:used":{"minecraft:stone_sword":29},"minecraft:mined":{"minecraft:peony":1,"minecraft:oak_log":6,"minecraft:sugar_cane":10,"minecraft:oak_leaves":5},"minecraft:custom":{"minecraft:time_since_rest":15720,"minecraft:interact_with_furnace":3,"minecraft:sprint_one_cm":27919,"minecraft:damage_taken":98,"minecraft:walk_one_cm":91278,"minecraft:mob_kills":10,"minecraft:drop":3,"minecraft:damage_dealt":910,"minecraft:swim_one_cm":3268,"minecraft:interact_with_crafting_table":1,"minecraft:fly_one_cm":12147,"minecraft:open_chest":13,"minecraft:play_time":15720,"minecraft:walk_under_water_one_cm":538,"minecraft:jump":190,"minecraft:leave_game":1,"minecraft:walk_on_water_one_cm":3691,"minecraft:time_since_death":15720,"minecraft:total_world_time":15720,"minecraft:fall_one_cm":2165},"minecraft:picked_up":{"minecraft:stick":1,"minecraft:feather":1,"minecraft:chicken":1,"minecraft:leather":12,"minecraft:birch_planks":1,"minecraft:oak_log":6,"minecraft:dirt":1,"minecraft:apple":1,"minecraft:beef":15,"minecraft:black_wool":1,"minecraft:sugar_cane":22,"minecraft:mutton":2,"minecraft:white_wool":1,"minecraft:cobblestone":6,"minecraft:egg":1},"minecraft:crafted":{"minecraft:cooked_beef":8,"minecraft:oak_planks":24,"minecraft:stone_sword":1,"minecraft:air":0},"minecraft:killed":{"minecraft:sheep":2,"minecraft:chicken":1,"minecraft:cow":7}},"DataVersion":3955}