{"stats":{"minecraft:custom":{"minecraft:jump":55,"minecraft:open_chest":19,"minecraft:time_since_rest":6282,"minecraft:leave_game":1,"minecraft:damage_dealt":30,"minecraft:crouch_one_cm":343,"minecraft:sprint_one_cm":3130,"minecraft:play_time":6282,"minecraft:walk_on_water_one_cm":156,"minecraft:time_since_death":6282,"minecraft:walk_one_cm":9928,"minecraft:sneak_time":180,"minecraft:climb_one_cm":108,"minecraft:total_world_time":6282,"minecraft:walk_under_water_one_cm":390,"minecraft:fall_one_cm":1103,"minecraft:fly_one_cm":145772,"minecraft:open_barrel":1},"minecraft:used":{"minecraft:golden_apple":1}},"DataVersion":3120}