{"stats":{"minecraft:dropped":{"minecraft:ink_sac":1,"minecraft:oak_planks":24,"minecraft:apple":1},"minecraft:used":{"minecraft:stone_sword":69,"minecraft:cooked_beef":2},"minecraft:mined":{"minecraft:seagrass":3,"minecraft:tall_seagrass":2,"minecraft:peony":1,"minecraft:oak_log":6,"minecraft:sugar_cane":12,"minecraft:oak_leaves":5},"minecraft:custom":{"minecraft:time_since_rest":27720,"minecraft:interact_with_furnace":3,"minecraft:sprint_one_cm":48549,"minecraft:damage_taken":248,"minecraft:walk_one_cm":102542,"minecraft:mob_kills":39,"minecraft:drop":4,"minecraft:damage_dealt":1830,"minecraft:swim_one_cm":44210,"minecraft:interact_with_crafting_table":1,"minecraft:fly_one_cm":25175,"minecraft:open_chest":14,"minecraft:play_time":27720,"minecraft:sneak_time":122,"minecraft:walk_under_water_one_cm":28026,"minecraft:jump":258,"minecraft:leave_game":1,"minecraft:walk_on_water_one_cm":18055,"minecraft:time_since_death":27720,"minecraft:total_world_time":27720,"minecraft:fall_one_cm":2794},"minecraft:picked_up":{"minecraft:stick":1,"minecraft:feather":1,"minecraft:chicken":1,"minecraft:salmon":26,"minecraft:leather":12,"minecraft:birch_planks":1,"minecraft:oak_log":6,"minecraft:ink_sac":3,"minecraft:shield":1,"minecraft:dirt":1,"minecraft:apple":1,"minecraft:beef":15,"minecraft:bone_meal":1,"minecraft:black_wool":1,"minecraft:sugar_cane":25,"minecraft:mutton":2,"minecraft:white_wool":1,"minecraft:cobblestone":6,"minecraft:egg":1},"minecraft:crafted":{"minecraft:cooked_beef":8,"minecraft:oak_planks":24,"minecraft:stone_sword":1,"minecraft:air":0},"minecraft:killed":{"minecraft:sheep":2,"minecraft:chicken":1,"minecraft:salmon":28,"minecraft:squid":1,"minecraft:cow":7}},"DataVersion":3955}