{
  "minecraft:husbandry/root": {
    "criteria": {
      "consumed_item": "2024-08-08 20:16:27 +0000"
    },
    "done": true
  },
  "minecraft:recipes/transportation/dark_oak_boat": {
    "criteria": {
      "in_water": "2024-08-08 20:16:18 +0000"
    },
    "done": true
  },
  "minecraft:recipes/transportation/birch_boat": {
    "criteria": {
      "in_water": "2024-08-08 20:16:18 +0000"
    },
    "done": true
  },
  "minecraft:recipes/misc/gold_nugget_from_smelting": {
    "criteria": {
      "has_golden_sword": "2024-08-08 20:16:15 +0000"
    },
    "done": true
  },
  "cataclysm:root": {
    "criteria": {
      "custom_test_name": "2024-08-08 20:15:27 +0000"
    },
    "done": true
  },
  "minecraft:recipes/transportation/mangrove_boat": {
    "criteria": {
      "in_water": "2024-08-08 20:16:18 +0000"
    },
    "done": true
  },
  "dungeons_arise:wda_root": {
    "criteria": {
      "WDA": "2024-08-08 20:15:27 +0000"
    },
    "done": true
  },
  "minecraft:recipes/transportation/acacia_boat": {
    "criteria": {
      "in_water": "2024-08-08 20:16:18 +0000"
    },
    "done": true
  },
  "minecraft:recipes/transportation/oak_boat": {
    "criteria": {
      "in_water": "2024-08-08 20:16:18 +0000"
    },
    "done": true
  },
  "dungeons_arise:find_mushroom_village": {
    "criteria": {
      "location0": "2024-08-08 20:18:26 +0000"
    },
    "done": true
  },
  "minecraft:husbandry/balanced_diet": {
    "criteria": {
      "golden_apple": "2024-08-08 20:16:27 +0000"
    },
    "done": false
  },
  "minecraft:recipes/transportation/jungle_boat": {
    "criteria": {
      "in_water": "2024-08-08 20:16:18 +0000"
    },
    "done": true
  },
  "minecraft:recipes/transportation/spruce_boat": {
    "criteria": {
      "in_water": "2024-08-08 20:16:18 +0000"
    },
    "done": true
  },
  "minecraft:recipes/misc/gold_nugget_from_blasting": {
    "criteria": {
      "has_golden_sword": "2024-08-08 20:16:15 +0000"
    },
    "done": true
  },
  "dungeons_arise:find_bandit_towers": {
    "criteria": {
      "location0": "2024-08-08 20:19:07 +0000"
    },
    "done": true
  },
  "repurposed_structures:root": {
    "criteria": {
      "always": "2024-08-08 20:15:27 +0000"
    },
    "done": true
  },
  "minecraft:adventure/adventuring_time": {
    "criteria": {
      "minecraft:sunflower_plains": "2024-08-08 20:17:37 +0000",
      "minecraft:birch_forest": "2024-08-08 20:15:59 +0000",
      "minecraft:bamboo_jungle": "2024-08-08 20:16:51 +0000",
      "minecraft:wooded_badlands": "2024-08-08 20:19:14 +0000",
      "minecraft:beach": "2024-08-08 20:16:07 +0000",
      "minecraft:dark_forest": "2024-08-08 20:16:29 +0000",
      "minecraft:lukewarm_ocean": "2024-08-08 20:16:55 +0000",
      "minecraft:river": "2024-08-08 20:15:58 +0000",
      "minecraft:forest": "2024-08-08 20:15:38 +0000",
      "minecraft:lush_caves": "2024-08-08 20:19:07 +0000",
      "minecraft:ocean": "2024-08-08 20:16:13 +0000",
      "minecraft:deep_lukewarm_ocean": "2024-08-08 20:17:01 +0000",
      "minecraft:flower_forest": "2024-08-08 20:18:32 +0000",
      "minecraft:plains": "2024-08-08 20:15:28 +0000"
    },
    "done": false
  },
  "DataVersion": 3120
}